id,section,catalog_number,question,option_a,option_b,option_c,option_d,answer_letter,answer,image
1,general,1,"In Deutschland dürfen Menschen offen etwas gegen die Regierung sagen, weil …",hier Religionsfreiheit gilt.,die Menschen Steuern zahlen.,die Menschen das Wahlrecht haben.,hier Meinungsfreiheit gilt.,D,hier Meinungsfreiheit gilt.,
2,general,2,"In Deutschland können Eltern bis zum 14. Lebensjahr ihres Kindes entscheiden, ob es in der Schule am …",Geschichtsunterricht teilnimmt.,Religionsunterricht teilnimmt.,Politikunterricht teilnimmt.,Sprachunterricht teilnimmt.,B,Religionsunterricht teilnimmt.,
3,general,3,Deutschland ist ein Rechtsstaat. Was ist damit gemeint?,Alle Einwohnerinnen/Einwohner und der Staat müssen sich an die Gesetze halten.,Der Staat muss sich nicht an die Gesetze halten.,Nur Deutsche müssen die Gesetze befolgen.,Die Gerichte machen die Gesetze.,A,Alle Einwohnerinnen/Einwohner und der Staat müssen sich an die Gesetze halten.,
4,general,4,Welches Recht gehört zu den Grundrechten in Deutschland?,Waffenbesitz,Faustrecht,Meinungsfreiheit,Selbstjustiz,C,Meinungsfreiheit,
5,general,5,Wahlen in Deutschland sind frei. Was bedeutet das?,"Man darf Geld annehmen, wenn man dafür eine bestimmte Kandidatin/einen bestimmten Kandidaten wählt.","Nur Personen, die noch nie im Gefängnis waren, dürfen wählen.",Die Wählerin/der Wähler darf bei der Wahl weder beeinflusst noch zu einer bestimmten Stimmabgabe gezwungen werden und keine Nachteile durch die Wahl haben.,Alle wahlberechtigten Personen müssen wählen.,C,Die Wählerin/der Wähler darf bei der Wahl weder beeinflusst noch zu einer bestimmten Stimmabgabe gezwungen werden und keine Nachteile durch die Wahl haben.,
6,general,6,Wie heißt die deutsche Verfassung?,Volksgesetz,Bundesgesetz,Deutsches Gesetz,Grundgesetz,D,Grundgesetz,
7,general,7,"Welches Recht gehört zu den Grundrechten, die nach der deutschen Verfassung garantiert werden? Das Recht auf …",Glaubens- und Gewissensfreiheit,Unterhaltung,Arbeit,Wohnung,A,Glaubens- und Gewissensfreiheit,
8,general,8,Was steht nicht im Grundgesetz von Deutschland?,Die Würde des Menschen ist unantastbar.,Alle sollen gleich viel Geld haben.,Jeder Mensch darf seine Meinung sagen.,Alle sind vor dem Gesetz gleich.,B,Alle sollen gleich viel Geld haben.,
9,general,9,Welches Grundrecht gilt in Deutschland nur für Ausländerinnen/Ausländer? Das Grundrecht auf …,Schutz der Familie,Menschenwürde,Asyl,Meinungsfreiheit,C,Asyl,
10,general,10,Was ist mit dem deutschen Grundgesetz vereinbar?,die Prügelstrafe,die Folter,die Todesstrafe,die Geldstrafe,D,die Geldstrafe,
11,general,11,Wie wird die Verfassung der Bundesrepublik Deutschland genannt?,Grundgesetz,Bundesverfassung,Gesetzbuch,Verfassungsvertrag,A,Grundgesetz,
12,general,12,Eine Partei im Deutschen Bundestag will die Pressefreiheit abschaffen. Ist das möglich?,"Ja, wenn mehr als die Hälfte der Abgeordneten im Bundestag dafür sind.","Ja, aber dazu müssen zwei Drittel der Abgeordneten im Bundestag dafür sein.","Nein, denn die Pressefreiheit ist ein Grundrecht. Sie kann nicht abgeschafft werden.","Nein, denn nur der Bundesrat kann die Pressefreiheit abschaffen.",C,"Nein, denn die Pressefreiheit ist ein Grundrecht. Sie kann nicht abgeschafft werden.",
13,general,13,"Im Parlament steht der Begriff ""Opposition"" für …",die regierenden Parteien.,die Fraktion mit den meisten Abgeordneten.,"alle Parteien, die bei der letzten Wahl die 5%-Hürde erreichen konnten.","alle Abgeordneten, die nicht zu der Regierungspartei/den Regierungsparteien gehören.",D,"alle Abgeordneten, die nicht zu der Regierungspartei/den Regierungsparteien gehören.",
14,general,14,"Meinungsfreiheit in Deutschland heißt, dass ich …",Passanten auf der Straße beschimpfen darf.,meine Meinung im Internet äußern kann.,"Nazi-, Hamas- oder Islamischer Staat-Symbole öffentlich tragen darf.","meine Meinung nur dann äußern darf, solange ich der Regierung nicht widerspreche.",B,meine Meinung im Internet äußern kann.,
15,general,15,Was verbietet das deutsche Grundgesetz?,Militärdienst,Zwangsarbeit,freie Berufswahl,Arbeit im Ausland,B,Zwangsarbeit,
16,general,16,Wann ist die Meinungsfreiheit in Deutschland eingeschränkt?,bei der öffentlichen Verbreitung falscher Behauptungen über einzelne Personen,bei Meinungsäußerungen über die Bundesregierung,bei Diskussionen über Religionen,bei Kritik am Staat,A,bei der öffentlichen Verbreitung falscher Behauptungen über einzelne Personen,
17,general,17,Die deutschen Gesetze verbieten …,Meinungsfreiheit der Einwohnerinnen und Einwohner.,Petitionen der Bürgerinnen und Bürger.,Versammlungsfreiheit der Einwohnerinnen und Einwohner.,Ungleichbehandlung der Bürgerinnen und Bürger durch den Staat.,D,Ungleichbehandlung der Bürgerinnen und Bürger durch den Staat.,
18,general,18,Welches Grundrecht ist in Artikel 1 des Grundgesetzes der Bundesrepublik Deutschland garantiert?,die Unantastbarkeit der Menschenwürde,das Recht auf Leben,Religionsfreiheit,Meinungsfreiheit,A,die Unantastbarkeit der Menschenwürde,
19,general,19,"Was versteht man unter dem Recht der ""Freizügigkeit"" in Deutschland?",Man darf sich seinen Wohnort selbst aussuchen.,Man kann seinen Beruf wechseln.,Man darf sich für eine andere Religion entscheiden.,Man darf sich in der Öffentlichkeit nur leicht bekleidet bewegen.,A,Man darf sich seinen Wohnort selbst aussuchen.,
20,general,20,"Eine Partei in Deutschland verfolgt das Ziel, eine Diktatur zu errichten. Sie ist dann …",tolerant.,rechtsstaatlich orientiert.,gesetzestreu.,verfassungswidrig.,D,verfassungswidrig.,
21,general,21,Welches ist das Wappen der Bundesrepublik Deutschland?,Bild 1,Bild 2,Bild 3,Bild 4,A,Bild 1,data/images/021.png
22,general,22,Was für eine Staatsform hat Deutschland?,Monarchie,Diktatur,Republik,Fürstentum,C,Republik,
23,general,23,In Deutschland sind die meisten Erwerbstätigen …,in kleinen Familienunternehmen beschäftigt.,ehrenamtlich für ein Bundesland tätig.,selbstständig mit einer eigenen Firma tätig.,bei einer Firma oder Behörde beschäftigt.,D,bei einer Firma oder Behörde beschäftigt.,
24,general,24,Wie viele Bundesländer hat die Bundesrepublik Deutschland?,14,15,16,17,C,16,
25,general,25,Was ist kein Bundesland der Bundesrepublik Deutschland?,Elsass-Lothringen,Nordrhein-Westfalen,Mecklenburg-Vorpommern,Sachsen-Anhalt,A,Elsass-Lothringen,
26,general,26,Deutschland ist …,eine kommunistische Republik.,ein demokratischer und sozialer Bundesstaat.,eine kapitalistische und soziale Monarchie.,ein sozialer und sozialistischer Bundesstaat.,B,ein demokratischer und sozialer Bundesstaat.,
27,general,27,Deutschland ist …,ein sozialistischer Staat.,ein Bundesstaat.,eine Diktatur.,eine Monarchie.,B,ein Bundesstaat.,
28,general,28,Wer wählt in Deutschland die Abgeordneten zum Bundestag?,das Militär,die Wirtschaft,das wahlberechtigte Volk,die Verwaltung,C,das wahlberechtigte Volk,
29,general,29,Welches Tier ist das Wappentier der Bundesrepublik Deutschland?,Löwe,Adler,Bär,Pferd,B,Adler,
30,general,30,Was ist kein Merkmal unserer Demokratie?,regelmäßige Wahlen,Pressezensur,Meinungsfreiheit,verschiedene Parteien,B,Pressezensur,
31,general,31,Die Zusammenarbeit von Parteien zur Bildung einer Regierung nennt man in Deutschland …,Einheit.,Koalition.,Ministerium.,Fraktion.,B,Koalition.,
32,general,32,Was ist keine staatliche Gewalt in Deutschland?,Gesetzgebung,Regierung,Presse,Rechtsprechung,C,Presse,
33,general,33,Welche Aussage ist richtig? In Deutschland …,sind Staat und Religionsgemeinschaften voneinander getrennt.,bilden die Religionsgemeinschaften den Staat.,ist der Staat abhängig von den Religionsgemeinschaften.,bilden Staat und Religionsgemeinschaften eine Einheit.,A,sind Staat und Religionsgemeinschaften voneinander getrennt.,
34,general,34,Was ist Deutschland nicht?,eine Demokratie,ein Rechtsstaat,eine Monarchie,ein Sozialstaat,C,eine Monarchie,
35,general,35,Womit finanziert der deutsche Staat die Sozialversicherung?,Kirchensteuer,Sozialabgaben,Spendengeldern,Vereinsbeiträgen,B,Sozialabgaben,
36,general,36,Welche Maßnahme schafft in Deutschland soziale Sicherheit?,die Krankenversicherung,die Autoversicherung,die Gebäudeversicherung,die Haftpflichtversicherung,A,die Krankenversicherung,
37,general,37,Wie werden die Regierungschefinnen/Regierungschefs der meisten Bundesländer in Deutschland genannt?,Erste Ministerin/Erster Minister,Premierministerin/Premierminister,Senatorin/Senator,Ministerpräsidentin/Ministerpräsident,D,Ministerpräsidentin/Ministerpräsident,
38,general,38,Die Bundesrepublik Deutschland ist ein demokratischer und sozialer …,Staatenverbund.,Bundesstaat.,Staatenbund.,Zentralstaat.,B,Bundesstaat.,
39,general,39,Was hat jedes deutsche Bundesland?,eine eigene Außenministerin/einen eigenen Außenminister,eine eigene Währung,eine eigene Armee,eine eigene Regierung,D,eine eigene Regierung,
40,general,40,Mit welchen Worten beginnt die deutsche Nationalhymne?,"Völker, hört die Signale …",Einigkeit und Recht und Freiheit …,Freude schöner Götterfunken …,Deutschland einig Vaterland …,B,Einigkeit und Recht und Freiheit …,
41,general,41,Warum gibt es in einer Demokratie mehr als eine Partei?,weil dadurch die unterschiedlichen Meinungen der Bürgerinnen und Bürger vertreten werden,damit Bestechung in der Politik begrenzt wird,um politische Demonstrationen zu verhindern,um wirtschaftlichen Wettbewerb anzuregen,A,weil dadurch die unterschiedlichen Meinungen der Bürgerinnen und Bürger vertreten werden,
42,general,42,Wer beschließt in Deutschland ein neues Gesetz?,die Regierung,das Parlament,die Gerichte,die Polizei,B,das Parlament,
43,general,43,Wann kann in Deutschland eine Partei verboten werden?,wenn ihr Wahlkampf zu teuer ist,wenn sie gegen die Verfassung kämpft,wenn sie Kritik am Staatsoberhaupt äußert,wenn ihr Programm eine neue Richtung vorschlägt,B,wenn sie gegen die Verfassung kämpft,
44,general,44,Wen kann man als Bürgerin/Bürger in Deutschland nicht direkt wählen?,Abgeordnete des EU-Parlaments,Die Bundespräsidentin/den Bundespräsidenten,Landtagsabgeordnete,Bundestagsabgeordnete,B,Die Bundespräsidentin/den Bundespräsidenten,
45,general,45,Zu welcher Versicherung gehört die Pflegeversicherung?,Sozialversicherung,Unfallversicherung,Hausratsversicherung,Haftpflicht- und Feuerversicherung,A,Sozialversicherung,
46,general,46,Der deutsche Staat hat viele Aufgaben. Welche Aufgabe gehört dazu?,Er baut Straßen und Schulen.,Er verkauft Lebensmittel und Kleidung.,Er versorgt alle Einwohnerinnen und Einwohner kostenlos mit Zeitungen.,Er produziert Autos und Busse.,A,Er baut Straßen und Schulen.,
47,general,47,Der deutsche Staat hat viele Aufgaben. Welche Aufgabe gehört nicht dazu?,Er bezahlt für alle Staatsangehörigen Urlaubsreisen.,Er zahlt Kindergeld.,Er unterstützt Museen.,Er fördert Sportlerinnen und Sportler.,A,Er bezahlt für alle Staatsangehörigen Urlaubsreisen.,
48,general,48,Welches Organ gehört nicht zu den Verfassungsorganen Deutschlands?,der Bundesrat,die Bundespräsidentin/der Bundespräsident,die Bürgerversammlung,die Regierung,C,die Bürgerversammlung,
49,general,49,Wer bestimmt in Deutschland die Schulpolitik?,die Lehrer und Lehrerinnen,die Bundesländer,das Familienministerium,die Universitäten,B,die Bundesländer,
50,general,50,Die Wirtschaftsform in Deutschland nennt man …,freie Zentralwirtschaft.,soziale Marktwirtschaft.,gelenkte Zentralwirtschaft.,Planwirtschaft.,B,soziale Marktwirtschaft.,
51,general,51,"Zu einem demokratischen Rechtsstaat gehört es nicht, dass …",Menschen sich kritisch über die Regierung äußern können.,Bürger friedlich demonstrieren gehen dürfen.,Menschen von einer Privatpolizei ohne Grund verhaftet werden.,jemand ein Verbrechen begeht und deshalb verhaftet wird.,C,Menschen von einer Privatpolizei ohne Grund verhaftet werden.,
52,general,52,"Was bedeutet ""Volkssouveränität""? Alle Staatsgewalt geht vom ...",Volke aus.,Bundestag aus.,preußischen König aus.,Bundesverfassungsgericht aus.,A,Volke aus.,
53,general,53,"Was bedeutet ""Rechtsstaat"" in Deutschland?",Der Staat hat Recht.,Es gibt nur rechte Parteien.,Die Bürgerinnen und Bürger entscheiden über Gesetze.,Der Staat muss die Gesetze einhalten.,D,Der Staat muss die Gesetze einhalten.,
54,general,54,Was ist keine staatliche Gewalt in Deutschland?,Legislative,Judikative,Exekutive,Direktive,D,Direktive,
55,general,55,Was zeigt dieses Bild? © Deutscher Bundestag/Achim Melde,den Bundestagssitz in Berlin,das Bundesverfassungsgericht in Karlsruhe,das Bundesratsgebäude in Berlin,das Bundeskanzleramt in Berlin,A,den Bundestagssitz in Berlin,data/images/055.png
56,general,56,Welches Amt gehört in Deutschland zur Gemeindeverwaltung?,Pfarramt,Ordnungsamt,Finanzamt,Auswärtiges Amt,B,Ordnungsamt,
57,general,57,Wer wird meistens zur Präsidentin/zum Präsidenten des Deutschen Bundestages gewählt?,die/der älteste Abgeordnete im Parlament,die Ministerpräsidentin/der Ministerpräsident des größten Bundeslandes,eine ehemalige Bundeskanzlerin/ein ehemaliger Bundeskanzler,eine Abgeordnete/ein Abgeordneter der stärksten Fraktion,D,eine Abgeordnete/ein Abgeordneter der stärksten Fraktion,
58,general,58,Wer ernennt in Deutschland die Ministerinnen/die Minister der Bundesregierung?,die Präsidentin/der Präsident des Bundesverfassungsgerichtes,die Bundespräsidentin/der Bundespräsident,die Bundesratspräsidentin/der Bundesratspräsident,die Bundestagspräsidentin/der Bundestagspräsident,B,die Bundespräsidentin/der Bundespräsident,
59,general,59,Vor wie vielen Jahren gab es erstmals eine jüdische Gemeinde auf dem Gebiet des heutigen Deutschlands?,vor etwa 300 Jahren,vor etwa 700 Jahren,vor etwa 1150 Jahren,vor etwa 1700 Jahren,D,vor etwa 1700 Jahren,
60,general,60,In Deutschland gehören der Bundestag und der Bundesrat zur …,Exekutive.,Legislative.,Direktive.,Judikative.,B,Legislative.,
61,general,61,"Was bedeutet ""Volkssouveränität""?",Die Königin/der König herrscht über das Volk.,Das Bundesverfassungsgericht steht über der Verfassung.,Die Interessenverbände üben die Souveränität zusammen mit der Regierung aus.,Die Staatsgewalt geht vom Volke aus.,D,Die Staatsgewalt geht vom Volke aus.,
62,general,62,"Wenn das Parlament eines deutschen Bundeslandes gewählt wird, nennt man das …",Kommunalwahl,Landtagswahl,Europawahl,Bundestagswahl,B,Landtagswahl,
63,general,63,Was gehört in Deutschland nicht zur Exekutive?,die Polizei,die Gerichte,das Finanzamt,die Ministerien,B,die Gerichte,
64,general,64,Die Bundesrepublik Deutschland ist heute gegliedert in …,vier Besatzungszonen.,einen Oststaat und einen Weststaat.,16 Kantone.,"Bund, Länder und Kommunen.",D,"Bund, Länder und Kommunen.",
65,general,65,"Es gehört nicht zu den Aufgaben des Deutschen Bundestages, …",Gesetze zu entwerfen.,die Bundesregierung zu kontrollieren.,die Bundeskanzlerin/den Bundeskanzler zu wählen.,das Bundeskabinett zu bilden.,D,das Bundeskabinett zu bilden.,
66,general,66,Welche Städte haben die größten jüdischen Gemeinden in Deutschland?,Berlin und München,Hamburg und Essen,Nürnberg und Stuttgart,Worms und Speyer,A,Berlin und München,
67,general,67,Was ist in Deutschland vor allem eine Aufgabe der Bundesländer?,Verteidigungspolitik,Außenpolitik,Wirtschaftspolitik,Schulpolitik,D,Schulpolitik,
68,general,68,Warum kontrolliert der Staat in Deutschland das Schulwesen?,weil es in Deutschland nur staatliche Schulen gibt,weil alle Schülerinnen und Schüler einen Schulabschluss haben müssen,weil es in den Bundesländern verschiedene Schulen gibt,weil es nach dem Grundgesetz seine Aufgabe ist,D,weil es nach dem Grundgesetz seine Aufgabe ist,
69,general,69,Die Bundesrepublik Deutschland hat einen dreistufigen Verwaltungsaufbau. Wie heißt die unterste politische Stufe?,Stadträte,Landräte,Gemeinden,Bezirksämter,C,Gemeinden,
70,general,70,Der deutsche Bundespräsident Gustav Heinemann gibt Helmut Schmidt 1974 die Ernennungsurkunde zum deutschen Bundeskanzler. Was gehört zu den Aufgaben der deutschen Bundespräsidentin/des deutschen Bundespräsidenten? © Bundesregierung/Engelbert Reineke,Sie/Er führt die Regierungsgeschäfte.,Sie/Er kontrolliert die Regierungspartei.,Sie/Er wählt die Ministerinnen/Minister aus.,Sie/Er schlägt die Kanzlerin/den Kanzler zur Wahl vor.,D,Sie/Er schlägt die Kanzlerin/den Kanzler zur Wahl vor.,data/images/070.png
71,general,71,Wo hält sich die deutsche Bundeskanzlerin/der deutsche Bundeskanzler am häufigsten auf? Am häufigsten ist sie/er …,"in Bonn, weil sich dort das Bundeskanzleramt und der Bundestag befinden.","auf Schloss Meseberg, dem Gästehaus der Bundesregierung, um Staatsgäste zu empfangen.","auf Schloss Bellevue, dem Amtssitz der Bundespräsidentin/des Bundespräsidenten, um Staatsgäste zu empfangen.","in Berlin, weil sich dort das Bundeskanzleramt und der Bundestag befinden.",D,"in Berlin, weil sich dort das Bundeskanzleramt und der Bundestag befinden.",
72,general,72,Wie heißt die jetzige Bundeskanzlerin/der jetzige Bundeskanzler von Deutschland?,Gerhard Schröder,Angela Merkel,Ursula von der Leyen,Friedrich Merz,D,Friedrich Merz,
73,general,73,Die beiden größten Fraktionen im Deutschen Bundestag heißen zurzeit …,CDU/CSU und AfD.,Die Linke und Bündnis 90/Die Grünen.,Bündnis 90/Die Grünen und SPD.,Die Linke und CDU/CSU.,A,CDU/CSU und AfD.,
74,general,74,Wie heißt das Parlament für ganz Deutschland?,Bundesversammlung,Volkskammer,Bundestag,Bundesgerichtshof,C,Bundestag,
75,general,75,Wie heißt Deutschlands heutiges Staatsoberhaupt?,Frank-Walter Steinmeier,Bärbel Bas,Bodo Ramelow,Joachim Gauck,A,Frank-Walter Steinmeier,
76,general,76,Was bedeutet die Abkürzung CDU in Deutschland?,Christliche Deutsche Union,Club Deutscher Unternehmer,Christlicher Deutscher Umweltschutz,Christlich Demokratische Union,D,Christlich Demokratische Union,
77,general,77,Was ist die Bundeswehr?,die deutsche Polizei,ein deutscher Hafen,eine deutsche Bürgerinitiative,die deutsche Armee,D,die deutsche Armee,
78,general,78,Was bedeutet die Abkürzung SPD?,Sozialistische Partei Deutschlands,Sozialpolitische Partei Deutschlands,Sozialdemokratische Partei Deutschlands,Sozialgerechte Partei Deutschlands,C,Sozialdemokratische Partei Deutschlands,
79,general,79,Was bedeutet die Abkürzung FDP in Deutschland?,Friedliche Demonstrative Partei,Freie Deutschland Partei,Führende Demokratische Partei,Freie Demokratische Partei,D,Freie Demokratische Partei,
80,general,80,Welches Gericht in Deutschland ist zuständig für die Auslegung des Grundgesetzes?,Oberlandesgericht,Amtsgericht,Bundesverfassungsgericht,Verwaltungsgericht,C,Bundesverfassungsgericht,
81,general,81,Wer wählt die Bundeskanzlerin/den Bundeskanzler in Deutschland?,der Bundesrat,die Bundesversammlung,das Volk,der Bundestag,D,der Bundestag,
82,general,82,Wer leitet das deutsche Bundeskabinett?,die Bundestagspräsidentin/der Bundestagspräsident,die Bundespräsidentin/der Bundespräsident,die Bundesratspräsidentin/der Bundesratspräsident,die Bundeskanzlerin/der Bundeskanzler,D,die Bundeskanzlerin/der Bundeskanzler,
83,general,83,Wer wählt die deutsche Bundeskanzlerin/den deutschen Bundeskanzler?,das Volk,die Bundesversammlung,der Bundestag,die Bundesregierung,C,der Bundestag,
84,general,84,Welche Hauptaufgabe hat die deutsche Bundespräsidentin/der deutsche Bundespräsident? Sie/Er …,regiert das Land.,entwirft die Gesetze.,repräsentiert das Land.,überwacht die Einhaltung der Gesetze.,C,repräsentiert das Land.,
85,general,85,Wer bildet den deutschen Bundesrat?,die Abgeordneten des Bundestages,die Ministerinnen und Minister der Bundesregierung,die Regierungsvertreter der Bundesländer,die Parteimitglieder,C,die Regierungsvertreter der Bundesländer,
86,general,86,Wer wählt in Deutschland die Bundespräsidentin/den Bundespräsidenten?,die Bundesversammlung,der Bundesrat,das Bundesparlament,das Bundesverfassungsgericht,A,die Bundesversammlung,
87,general,87,Wer ist das Staatsoberhaupt der Bundesrepublik Deutschland?,die Bundeskanzlerin/der Bundeskanzler,die Bundespräsidentin/der Bundespräsident,die Bundesratspräsidentin/der Bundesratspräsident,die Bundestagspräsidentin/der Bundestagspräsident,B,die Bundespräsidentin/der Bundespräsident,
88,general,88,Die parlamentarische Opposition im Deutschen Bundestag …,kontrolliert die Regierung.,"entscheidet, wer Bundesministerin/Bundesminister wird.","bestimmt, wer im Bundesrat sitzt.",schlägt die Regierungschefinnen/Regierungschefs der Länder vor.,A,kontrolliert die Regierung.,
89,general,89,Wie nennt man in Deutschland die Vereinigung von Abgeordneten einer Partei im Parlament?,Verband,Ältestenrat,Fraktion,Opposition,C,Fraktion,
90,general,90,Die deutschen Bundesländer wirken an der Gesetzgebung des Bundes mit durch …,den Bundesrat.,die Bundesversammlung.,den Bundestag.,die Bundesregierung.,A,den Bundesrat.,
91,general,91,In Deutschland kann ein Regierungswechsel in einem Bundesland Auswirkungen auf die Bundespolitik haben. Das Regieren wird …,"schwieriger, wenn sich dadurch die Mehrheit im Bundestag ändert.","leichter, wenn dadurch neue Parteien in den Bundesrat kommen.","schwieriger, wenn dadurch die Mehrheit im Bundesrat verändert wird.","leichter, wenn es sich um ein reiches Bundesland handelt.",C,"schwieriger, wenn dadurch die Mehrheit im Bundesrat verändert wird.",
92,general,92,Was bedeutet die Abkürzung CSU in Deutschland?,Christlich Sichere Union,Christlich Süddeutsche Union,Christlich Sozialer Unternehmerverband,Christlich Soziale Union,D,Christlich Soziale Union,
93,general,93,"Je mehr ""Zweitstimmen"" eine Partei bei einer Bundestagswahl bekommt, desto …",weniger Erststimmen kann sie haben.,mehr Direktkandidaten der Partei ziehen ins Parlament ein.,"größer ist das Risiko, eine Koalition bilden zu müssen.",mehr Sitze erhält die Partei im Parlament.,D,mehr Sitze erhält die Partei im Parlament.,
94,general,94,Ab welchem Alter darf man in Deutschland an der Wahl zum Deutschen Bundestag teilnehmen?,16,18,21,23,B,18,
95,general,95,Was gilt für die meisten Kinder in Deutschland?,Wahlpflicht,Schulpflicht,Schweigepflicht,Religionspflicht,B,Schulpflicht,
96,general,96,"Wie kann jemand, der den Holocaust leugnet, bestraft werden?",Kürzung sozialer Leistungen,bis zu 100 Sozialstunden,"gar nicht, Holocaustleugnung ist erlaubt",mit Freiheitsstrafe bis zu fünf Jahren oder mit Geldstrafe,D,mit Freiheitsstrafe bis zu fünf Jahren oder mit Geldstrafe,
97,general,97,"Was bezahlt man in Deutschland automatisch, wenn man fest angestellt ist?",Sozialversicherung,Sozialhilfe,Kindergeld,Wohngeld,A,Sozialversicherung,
98,general,98,"Wenn Abgeordnete im Deutschen Bundestag ihre Fraktion wechseln, …",dürfen sie nicht mehr an den Sitzungen des Parlaments teilnehmen.,kann die Regierung ihre Mehrheit verlieren.,muss die Bundespräsidentin/der Bundespräsident zuvor ihr/sein Einverständnis geben.,dürfen die Wählerinnen/Wähler dieser Abgeordneten noch einmal wählen.,B,kann die Regierung ihre Mehrheit verlieren.,
99,general,99,Wer bezahlt in Deutschland die Sozialversicherungen?,Arbeitgeberinnen/Arbeitgeber und Arbeitnehmerinnen/Arbeitnehmer,nur Arbeitnehmerinnen/Arbeitnehmer,alle Staatsangehörigen,nur Arbeitgeberinnen/Arbeitgeber,A,Arbeitgeberinnen/Arbeitgeber und Arbeitnehmerinnen/Arbeitnehmer,
100,general,100,Was gehört nicht zur gesetzlichen Sozialversicherung?,die Lebensversicherung,die gesetzliche Rentenversicherung,die Arbeitslosenversicherung,die Pflegeversicherung,A,die Lebensversicherung,
101,general,101,Gewerkschaften sind Interessenverbände der …,Jugendlichen.,Arbeitnehmerinnen und Arbeitnehmer.,Rentnerinnen und Rentner.,Arbeitgeberinnen und Arbeitgeber.,B,Arbeitnehmerinnen und Arbeitnehmer.,
102,general,102,"Womit kann man in der Bundesrepublik Deutschland geehrt werden, wenn man auf politischem, wirtschaftlichem, kulturellem, geistigem oder sozialem Gebiet eine besondere Leistung erbracht hat? Mit dem …",Bundesverdienstkreuz,Bundesadler,Vaterländischen Verdienstorden,"Ehrentitel ""Held der Deutschen Demokratischen Republik""",A,Bundesverdienstkreuz,
103,general,103,"Was wird in Deutschland als ""Ampelkoalition"" bezeichnet? Die Zusammenarbeit …",der Bundestagsfraktionen von CDU und CSU,"von SPD, FDP und Bündnis 90/Die Grünen in einer Regierung","von CSU, Die LINKE und Bündnis 90/Die Grünen in einer Regierung",der Bundestagsfraktionen von CDU und SPD,B,"von SPD, FDP und Bündnis 90/Die Grünen in einer Regierung",
104,general,104,Eine Frau in Deutschland verliert ihre Arbeit. Was darf nicht der Grund für diese Entlassung sein?,Die Frau ist lange krank und arbeitsunfähig.,Die Frau kam oft zu spät zur Arbeit.,Die Frau erledigt private Sachen während der Arbeitszeit.,Die Frau bekommt ein Kind und ihr Chef weiß das.,D,Die Frau bekommt ein Kind und ihr Chef weiß das.,
105,general,105,Was ist eine Aufgabe von Wahlhelferinnen/Wahlhelfern in Deutschland?,Sie helfen alten Menschen bei der Stimmabgabe in der Wahlkabine.,Sie schreiben die Wahlbenachrichtigungen vor der Wahl.,Sie geben Zwischenergebnisse an die Medien weiter.,Sie zählen die Stimmen nach dem Ende der Wahl.,D,Sie zählen die Stimmen nach dem Ende der Wahl.,
106,general,106,In Deutschland helfen ehrenamtliche Wahlhelferinnen und Wahlhelfer bei den Wahlen. Was ist eine Aufgabe von Wahlhelferinnen/Wahlhelfern?,Sie helfen Kindern und alten Menschen beim Wählen.,Sie schreiben Karten und Briefe mit der Angabe des Wahllokals.,Sie geben Zwischenergebnisse an Journalisten weiter.,Sie zählen die Stimmen nach dem Ende der Wahl.,D,Sie zählen die Stimmen nach dem Ende der Wahl.,
107,general,107,Für wie viele Jahre wird der Bundestag in Deutschland gewählt?,2 Jahre,4 Jahre,6 Jahre,8 Jahre,B,4 Jahre,
108,general,108,"Bei einer Bundestagswahl in Deutschland darf jede/jeder wählen, die/der …",in der Bundesrepublik Deutschland wohnt und wählen möchte.,Bürgerin/Bürger der Bundesrepublik Deutschland ist und mindestens 18 Jahre alt ist.,seit mindestens 3 Jahren in der Bundesrepublik Deutschland lebt.,Bürgerin/Bürger der Bundesrepublik Deutschland ist und mindestens 21 Jahre alt ist.,B,Bürgerin/Bürger der Bundesrepublik Deutschland ist und mindestens 18 Jahre alt ist.,
109,general,109,Wie oft gibt es normalerweise Bundestagswahlen in Deutschland?,alle drei Jahre,alle vier Jahre,alle fünf Jahre,alle sechs Jahre,B,alle vier Jahre,
110,general,110,Für wie viele Jahre wird der Bundestag in Deutschland gewählt?,2 Jahre,3 Jahre,4 Jahre,5 Jahre,C,4 Jahre,
111,general,111,Welche Handlungen mit Bezug auf den Staat Israel sind in Deutschland verboten?,die Politik Israels öffentlich kritisieren,das Aufhängen einer israelischen Flagge auf dem Privatgrundstück,eine Diskussion über die Politik Israels,der öffentliche Aufruf zur Vernichtung Israels,D,der öffentliche Aufruf zur Vernichtung Israels,
112,general,112,Die Wahlen in Deutschland sind …,speziell.,geheim.,berufsbezogen.,geschlechtsabhängig.,B,geheim.,
113,general,113,"Wahlen in Deutschland gewinnt die Partei, die …",die meisten Stimmen bekommt.,die meisten Männer mehrheitlich gewählt haben.,die meisten Stimmen bei den Arbeiterinnen/Arbeitern bekommen hat.,die meisten Erststimmen für ihre Kanzlerkandidatin/ihren Kanzlerkandidaten erhalten hat.,A,die meisten Stimmen bekommt.,
114,general,114,An demokratischen Wahlen in Deutschland teilzunehmen ist …,eine Pflicht.,ein Recht.,ein Zwang.,eine Last.,B,ein Recht.,
115,general,115,"Was bedeutet ""aktives Wahlrecht"" in Deutschland?",Man kann gewählt werden.,Man muss wählen gehen.,Man kann wählen.,Man muss zur Auszählung der Stimmen gehen.,C,Man kann wählen.,
116,general,116,"Wenn Sie bei einer Bundestagswahl in Deutschland wählen dürfen, heißt das …",aktive Wahlkampagne.,aktives Wahlverfahren.,aktiver Wahlkampf.,aktives Wahlrecht.,D,aktives Wahlrecht.,
117,general,117,"Wie viel Prozent der Zweitstimmen müssen Parteien mindestens bekommen, um in den Deutschen Bundestag gewählt zu werden?",3%,4%,5%,6%,C,5%,
118,general,118,Wer darf bei den rund 40 jüdischen Makkabi-Sportvereinen Mitglied werden?,nur Deutsche,nur Israelis,nur religiöse Menschen,alle Menschen,D,alle Menschen,
119,general,119,Wahlen in Deutschland sind frei. Was bedeutet das?,Alle verurteilten Straftäterinnen/Straftäter dürfen nicht wählen.,"Wenn ich wählen gehen möchte, muss meine Arbeitgeberin/mein Arbeitgeber mir frei geben.","Jede Person kann ohne Zwang entscheiden, ob sie wählen möchte und wen sie wählen möchte.","Ich kann frei entscheiden, wo ich wählen gehen möchte.",C,"Jede Person kann ohne Zwang entscheiden, ob sie wählen möchte und wen sie wählen möchte.",
120,general,120,Das Wahlsystem in Deutschland ist ein …,Zensuswahlrecht.,Dreiklassenwahlrecht.,Mehrheits- und Verhältniswahlrecht.,allgemeines Männerwahlrecht.,C,Mehrheits- und Verhältniswahlrecht.,
121,general,121,Eine Partei möchte in den Deutschen Bundestag. Sie muss aber einen Mindestanteil an Wählerstimmen haben. Das heißt …,5%-Hürde.,Zulassungsgrenze.,Basiswert.,Richtlinie.,A,5%-Hürde.,
122,general,122,Welchem Grundsatz unterliegen Wahlen in Deutschland? Wahlen in Deutschland sind …,"frei, gleich, geheim.","offen, sicher, frei.","geschlossen, gleich, sicher.","sicher, offen, freiwillig.",A,"frei, gleich, geheim.",
123,general,123,"Was ist in Deutschland die ""5%-Hürde""?",Abstimmungsregelung im Bundestag für kleine Parteien,Anwesenheitskontrolle im Bundestag für Abstimmungen,"Mindestanteil an Wählerstimmen, um ins Parlament zu kommen",Anwesenheitskontrolle im Bundesrat für Abstimmungen,C,"Mindestanteil an Wählerstimmen, um ins Parlament zu kommen",
124,general,124,Die Bundestagswahl in Deutschland ist die Wahl …,der Bundeskanzlerin/des Bundeskanzlers.,der Parlamente der Länder.,des Parlaments für Deutschland.,der Bundespräsidentin/des Bundespräsidenten.,C,des Parlaments für Deutschland.,
125,general,125,"In einer Demokratie ist eine Funktion von regelmäßigen Wahlen, …","die Bürgerinnen und Bürger zu zwingen, ihre Stimme abzugeben.",nach dem Willen der Wählermehrheit den Wechsel der Regierung zu ermöglichen.,im Land bestehende Gesetze beizubehalten.,den Armen mehr Macht zu geben.,B,nach dem Willen der Wählermehrheit den Wechsel der Regierung zu ermöglichen.,
126,general,126,Was bekommen wahlberechtigte Bürgerinnen und Bürger in Deutschland vor einer Wahl?,eine Wahlbenachrichtigung von der Gemeinde,eine Wahlerlaubnis von der Bundespräsidentin/von dem Bundespräsidenten,eine Benachrichtigung von der Bundesversammlung,eine Benachrichtigung vom Pfarramt,A,eine Wahlbenachrichtigung von der Gemeinde,
127,general,127,"Warum gibt es die 5%-Hürde im Wahlgesetz der Bundesrepublik Deutschland? Es gibt sie, weil …",die Programme von vielen kleinen Parteien viele Gemeinsamkeiten haben.,die Bürgerinnen und Bürger bei vielen kleinen Parteien die Orientierung verlieren können.,viele kleine Parteien die Regierungsbildung erschweren.,"die kleinen Parteien nicht so viel Geld haben, um die Politikerinnen und Politiker zu bezahlen.",C,viele kleine Parteien die Regierungsbildung erschweren.,
128,general,128,"Parlamentsmitglieder, die von den Bürgerinnen und Bürgern gewählt werden, nennt man …",Abgeordnete.,Kanzlerinnen/Kanzler.,Botschafterinnen/Botschafter.,Ministerpräsidentinnen/Ministerpräsidenten.,A,Abgeordnete.,
129,general,129,Vom Volk gewählt wird in Deutschland …,die Bundeskanzlerin/der Bundeskanzler.,die Ministerpräsidentin/der Ministerpräsident eines Bundeslandes.,der Bundestag.,die Bundespräsidentin/der Bundespräsident.,C,der Bundestag.,
130,general,130,"Welcher Stimmzettel wäre bei einer Bundestagswahl gültig? In Anlehnung an Bundeswahlordnung (BWO), Anlage 26",1,2,3,4,A,1,data/images/130.png
131,general,131,In Deutschland ist eine Bürgermeisterin/ein Bürgermeister …,die Leiterin/der Leiter einer Schule.,die Chefin/der Chef einer Bank.,das Oberhaupt einer Gemeinde.,die/der Vorsitzende einer Partei.,C,das Oberhaupt einer Gemeinde.,
132,general,132,Viele Menschen in Deutschland arbeiten in ihrer Freizeit ehrenamtlich. Was bedeutet das?,Sie arbeiten als Soldatinnen/Soldaten.,Sie arbeiten freiwillig und unbezahlt in Vereinen und Verbänden.,Sie arbeiten in der Bundesregierung.,Sie arbeiten in einem Krankenhaus und verdienen dabei Geld.,B,Sie arbeiten freiwillig und unbezahlt in Vereinen und Verbänden.,
133,general,133,Was ist bei Bundestags- und Landtagswahlen in Deutschland erlaubt?,Der Ehemann wählt für seine Frau mit.,Man kann durch Briefwahl seine Stimme abgeben.,Man kann am Wahltag telefonisch seine Stimme abgeben.,Kinder ab dem Alter von 14 Jahren dürfen wählen.,B,Man kann durch Briefwahl seine Stimme abgeben.,
134,general,134,"Man will die Buslinie abschaffen, mit der Sie immer zur Arbeit fahren. Was können Sie machen, um die Buslinie zu erhalten?",Ich beteilige mich an einer Bürgerinitiative für die Erhaltung der Buslinie oder gründe selber eine Initiative.,Ich werde Mitglied in einem Sportverein und trainiere Radfahren.,"Ich wende mich an das Finanzamt, weil ich als Steuerzahlerin/Steuerzahler ein Recht auf die Buslinie habe.",Ich schreibe einen Brief an das Forstamt der Gemeinde.,A,Ich beteilige mich an einer Bürgerinitiative für die Erhaltung der Buslinie oder gründe selber eine Initiative.,
135,general,135,Wen vertreten die Gewerkschaften in Deutschland?,große Unternehmen,kleine Unternehmen,Selbstständige,Arbeitnehmerinnen und Arbeitnehmer,D,Arbeitnehmerinnen und Arbeitnehmer,
136,general,136,Sie gehen in Deutschland zum Arbeitsgericht bei …,falscher Nebenkostenabrechnung.,ungerechtfertigter Kündigung durch Ihre Chefin/Ihren Chef.,Problemen mit den Nachbarinnen/Nachbarn.,Schwierigkeiten nach einem Verkehrsunfall.,B,ungerechtfertigter Kündigung durch Ihre Chefin/Ihren Chef.,
137,general,137,Welches Gericht ist in Deutschland bei Konflikten in der Arbeitswelt zuständig?,das Familiengericht,das Strafgericht,das Arbeitsgericht,das Amtsgericht,C,das Arbeitsgericht,
138,general,138,"Was kann ich in Deutschland machen, wenn mir meine Arbeitgeberin/mein Arbeitgeber zu Unrecht gekündigt hat?",weiterarbeiten und freundlich zur Chefin/zum Chef sein,ein Mahnverfahren gegen die Arbeitgeberin/den Arbeitgeber führen,Kündigungsschutzklage erheben,die Arbeitgeberin/den Arbeitgeber bei der Polizei anzeigen,C,Kündigungsschutzklage erheben,
139,general,139,Wann kommt es in Deutschland zu einem Prozess vor Gericht? Wenn jemand …,zu einer anderen Religion übertritt.,eine Straftat begangen hat und angeklagt wird.,eine andere Meinung als die der Regierung vertritt.,sein Auto falsch geparkt hat und es abgeschleppt wird.,B,eine Straftat begangen hat und angeklagt wird.,
140,general,140,Was macht eine Schöffin/ein Schöffe in Deutschland? Sie/Er …,entscheidet mit Richterinnen/Richtern über Schuld und Strafe.,gibt Bürgerinnen/Bürgern rechtlichen Rat.,stellt Urkunden aus.,verteidigt die Angeklagte/den Angeklagten.,A,entscheidet mit Richterinnen/Richtern über Schuld und Strafe.,
141,general,141,Wer berät in Deutschland Personen bei Rechtsfragen und vertritt sie vor Gericht?,eine Rechtsanwältin/ein Rechtsanwalt,eine Richterin/ein Richter,eine Schöffin/ein Schöffe,eine Staatsanwältin/ein Staatsanwalt,A,eine Rechtsanwältin/ein Rechtsanwalt,
142,general,142,Was ist die Hauptaufgabe einer Richterin/eines Richters in Deutschland? Eine Richterin/ein Richter …,vertritt Bürgerinnen und Bürger vor einem Gericht.,arbeitet an einem Gericht und spricht Urteile.,ändert Gesetze.,betreut Jugendliche vor Gericht.,B,arbeitet an einem Gericht und spricht Urteile.,
143,general,143,Eine Richterin/ein Richter in Deutschland gehört zur …,Judikative.,Exekutive.,Operative.,Legislative.,A,Judikative.,
144,general,144,Eine Richterin/ein Richter gehört in Deutschland zur …,vollziehenden Gewalt.,rechtsprechenden Gewalt.,planenden Gewalt.,gesetzgebenden Gewalt.,B,rechtsprechenden Gewalt.,
145,general,145,In Deutschland wird die Staatsgewalt geteilt. Für welche Staatsgewalt arbeitet eine Richterin/ein Richter? Für die …,Judikative,Exekutive,Presse,Legislative,A,Judikative,
146,general,146,Wie nennt man in Deutschland ein Verfahren vor einem Gericht?,Programm,Prozedur,Protokoll,Prozess,D,Prozess,
147,general,147,Was ist die Arbeit einer Richterin/eines Richters in Deutschland?,Deutschland regieren,Recht sprechen,Pläne erstellen,Gesetze erlassen,B,Recht sprechen,
148,general,148,Was ist eine Aufgabe der Polizei in Deutschland?,das Land zu verteidigen,die Bürgerinnen und Bürger abzuhören,die Gesetze zu beschließen,die Einhaltung von Gesetzen zu überwachen,D,die Einhaltung von Gesetzen zu überwachen,
149,general,149,Was ist ein Beispiel für antisemitisches Verhalten?,ein jüdisches Fest besuchen,die israelische Regierung kritisieren,den Holocaust leugnen,gegen Juden Fußball spielen.,C,den Holocaust leugnen,
150,general,150,Eine Gerichtsschöffin/ein Gerichtsschöffe in Deutschland ist …,die Stellvertreterin/der Stellvertreter des Stadtoberhaupts.,eine ehrenamtliche Richterin/ein ehrenamtlicher Richter.,ein Mitglied eines Gemeinderats.,"eine Person, die Jura studiert hat.",B,eine ehrenamtliche Richterin/ein ehrenamtlicher Richter.,
151,general,151,Wer baute die Mauer in Berlin?,Großbritannien,die DDR,die Bundesrepublik Deutschland,die USA,B,die DDR,
152,general,152,Wann waren die Nationalsozialisten mit Adolf Hitler in Deutschland an der Macht?,1918 bis 1923,1932 bis 1950,1933 bis 1945,1945 bis 1989,C,1933 bis 1945,
153,general,153,Was war am 8. Mai 1945?,Tod Adolf Hitlers,Beginn des Berliner Mauerbaus,Wahl von Konrad Adenauer zum Bundeskanzler,Ende des Zweiten Weltkriegs in Europa,D,Ende des Zweiten Weltkriegs in Europa,
154,general,154,Wann war der Zweite Weltkrieg zu Ende?,1933,1945,1949,1961,B,1945,
155,general,155,Wann waren die Nationalsozialisten in Deutschland an der Macht?,1888 bis 1918,1921 bis 1934,1933 bis 1945,1949 bis 1963,C,1933 bis 1945,
156,general,156,In welchem Jahr wurde Hitler Reichskanzler?,1923,1927,1933,1936,C,1933,
157,general,157,Die Nationalsozialisten mit Adolf Hitler errichteten 1933 in Deutschland …,eine Diktatur.,einen demokratischen Staat.,eine Monarchie.,ein Fürstentum.,A,eine Diktatur.,
158,general,158,"Das ""Dritte Reich"" war eine …",Diktatur.,Demokratie.,Monarchie.,Räterepublik.,A,Diktatur.,
159,general,159,Was gab es in Deutschland nicht während der Zeit des Nationalsozialismus?,freie Wahlen,Pressezensur,willkürliche Verhaftungen,Verfolgung von Juden,A,freie Wahlen,
160,general,160,Welcher Krieg dauerte von 1939 bis 1945?,der Erste Weltkrieg,der Zweite Weltkrieg,der Vietnamkrieg,der Golfkrieg,B,der Zweite Weltkrieg,
161,general,161,Was kennzeichnete den NS-Staat? Eine Politik …,des staatlichen Rassismus,der Meinungsfreiheit,der allgemeinen Religionsfreiheit,der Entwicklung der Demokratie,A,des staatlichen Rassismus,
162,general,162,Claus Schenk Graf von Stauffenberg wurde bekannt durch …,eine Goldmedaille bei den Olympischen Spielen 1936.,den Bau des Reichstagsgebäudes.,den Aufbau der Wehrmacht.,das Attentat auf Hitler am 20. Juli 1944.,D,das Attentat auf Hitler am 20. Juli 1944.,
163,general,163,In welchem Jahr zerstörten die Nationalsozialisten Synagogen und jüdische Geschäfte in Deutschland?,1925,1930,1938,1945,C,1938,
164,general,164,Was passierte am 9. November 1938 in Deutschland?,Mit dem Angriff auf Polen beginnt der Zweite Weltkrieg.,Die Nationalsozialisten verlieren eine Wahl und lösen den Reichstag auf.,Jüdische Geschäfte und Synagogen werden durch Nationalsozialisten und ihre Anhänger zerstört.,Hitler wird Reichspräsident und lässt alle Parteien verbieten.,C,Jüdische Geschäfte und Synagogen werden durch Nationalsozialisten und ihre Anhänger zerstört.,
165,general,165,Wie hieß der erste Bundeskanzler der Bundesrepublik Deutschland?,Konrad Adenauer,Kurt Georg Kiesinger,Helmut Schmidt,Willy Brandt,A,Konrad Adenauer,
166,general,166,"Bei welchen Demonstrationen in Deutschland riefen die Menschen ""Wir sind das Volk""?",beim Arbeiteraufstand 1953 in der DDR,bei den Demonstrationen 1968 in der Bundesrepublik Deutschland,bei den Anti-Atomkraft-Demonstrationen 1985 in der Bundesrepublik Deutschland,bei den Montagsdemonstrationen 1989 in der DDR,D,bei den Montagsdemonstrationen 1989 in der DDR,
167,general,167,"Welche Länder wurden nach dem Zweiten Weltkrieg in Deutschland als ""Alliierte Besatzungsmächte"" bezeichnet?","Sowjetunion, Großbritannien, Polen, Schweden","Frankreich, Sowjetunion, Italien, Japan","USA, Sowjetunion, Spanien, Portugal","USA, Sowjetunion, Großbritannien, Frankreich",D,"USA, Sowjetunion, Großbritannien, Frankreich",
168,general,168,"Welches Land war keine ""Alliierte Besatzungsmacht"" in Deutschland?",USA,Sowjetunion,Frankreich,Japan,D,Japan,
169,general,169,Wann wurde die Bundesrepublik Deutschland gegründet?,1939,1945,1949,1951,C,1949,
170,general,170,Was gab es während der Zeit des Nationalsozialismus in Deutschland?,das Verbot von Parteien,das Recht zur freien Entfaltung der Persönlichkeit,Pressefreiheit,den Schutz der Menschenwürde,A,das Verbot von Parteien,
171,general,171,"Soziale Marktwirtschaft bedeutet, die Wirtschaft …",steuert sich allein nach Angebot und Nachfrage.,"wird vom Staat geplant und gesteuert, Angebot und Nachfrage werden nicht berücksichtigt.",richtet sich nach der Nachfrage im Ausland.,"richtet sich nach Angebot und Nachfrage, aber der Staat sorgt für einen sozialen Ausgleich.",D,"richtet sich nach Angebot und Nachfrage, aber der Staat sorgt für einen sozialen Ausgleich.",
172,general,172,In welcher Besatzungszone wurde die DDR gegründet? In der …,amerikanischen Besatzungszone,französischen Besatzungszone,britischen Besatzungszone,sowjetischen Besatzungszone,D,sowjetischen Besatzungszone,
173,general,173,Die Bundesrepublik Deutschland ist ein Gründungsmitglied …,des Nordatlantikpakts (NATO).,der Vereinten Nationen (VN).,der Europäischen Union (EU).,des Warschauer Pakts.,C,der Europäischen Union (EU).,
174,general,174,Wann wurde die DDR gegründet?,1947,1949,1953,1956,B,1949,
175,general,175,Wie viele Besatzungszonen gab es in Deutschland nach dem Zweiten Weltkrieg?,3,4,5,6,B,4,
176,general,176,Wie waren die Besatzungszonen Deutschlands nach 1945 verteilt?,"1=Großbritannien, 2=Sowjetunion, 3=Frankreich, 4=USA","1=Sowjetunion, 2=Großbritannien, 3=USA, 4=Frankreich","1=Großbritannien, 2=Sowjetunion, 3=USA, 4=Frankreich","1=Großbritannien, 2=USA, 3=Sowjetunion, 4=Frankreich",C,"1=Großbritannien, 2=Sowjetunion, 3=USA, 4=Frankreich",data/images/176.png
177,general,177,Welche deutsche Stadt wurde nach dem Zweiten Weltkrieg in vier Sektoren aufgeteilt?,München,Berlin,Dresden,Frankfurt/Oder,B,Berlin,
178,general,178,Vom Juni 1948 bis zum Mai 1949 wurden die Bürgerinnen und Bürger von West-Berlin durch eine Luftbrücke versorgt. Welcher Umstand war dafür verantwortlich?,Für Frankreich war eine Versorgung der West-Berliner Bevölkerung mit dem Flugzeug kostengünstiger.,Die amerikanischen Soldatinnen und Soldaten hatten beim Landtransport Angst vor Überfällen.,Für Großbritannien war die Versorgung über die Luftbrücke schneller.,Die Sowjetunion unterbrach den gesamten Verkehr auf dem Landwege.,D,Die Sowjetunion unterbrach den gesamten Verkehr auf dem Landwege.,
179,general,179,Wie endete der Zweite Weltkrieg in Europa offiziell?,mit dem Tod Adolf Hitlers,durch die bedingungslose Kapitulation Deutschlands,mit dem Rückzug der Deutschen aus den besetzten Gebieten,durch eine Revolution in Deutschland,B,durch die bedingungslose Kapitulation Deutschlands,
180,general,180,Der erste Bundeskanzler der Bundesrepublik Deutschland war …,Ludwig Erhard.,Willy Brandt.,Konrad Adenauer.,Gerhard Schröder.,C,Konrad Adenauer.,
181,general,181,Was wollte Willy Brandt mit seinem Kniefall 1970 im ehemaligen jüdischen Ghetto in Warschau ausdrücken? © Bundesregierung/Engelbert Reineke,Er hat sich den ehemaligen Alliierten unterworfen.,Er bat Polen und die polnischen Juden um Vergebung.,Er zeigte seine Demut vor dem Warschauer Pakt.,Er sprach ein Gebet am Grab des Unbekannten Soldaten.,B,Er bat Polen und die polnischen Juden um Vergebung.,data/images/181.png
182,general,182,Wie heißt das jüdische Gebetshaus?,Basilika,Moschee,Synagoge,Kirche,C,Synagoge,
183,general,183,"Wann war in der Bundesrepublik Deutschland das ""Wirtschaftswunder""?",40er Jahre,50er Jahre,70er Jahre,80er Jahre,B,50er Jahre,
184,general,184,Auf welcher rechtlichen Grundlage wurde der Staat Israel gegründet?,eine Resolution der Vereinten Nationen,ein Beschluss des Zionistenkongresses,ein Vorschlag der Bundesregierung,ein Vorschlag der UdSSR,A,eine Resolution der Vereinten Nationen,
185,general,185,"Wofür stand der Ausdruck ""Eiserner Vorhang""? Für die Abschottung …",des Warschauer Pakts gegen den Westen,Norddeutschlands gegen Süddeutschland,Nazi-Deutschlands gegen die Alliierten,Europas gegen die USA,A,des Warschauer Pakts gegen den Westen,
186,general,186,"Im Jahr 1953 gab es in der DDR einen Aufstand, an den lange Zeit in der Bundesrepublik Deutschland ein Feiertag erinnerte. Wann war das?",1. Mai,17. Juni,20. Juli,9. November,B,17. Juni,
187,general,187,"Welcher deutsche Staat hatte eine schwarz-rot-goldene Flagge mit Hammer, Zirkel und Ährenkranz?",Preußen,Bundesrepublik Deutschland,"""Drittes Reich""",DDR,D,DDR,data/images/187.png
188,general,188,In welchem Jahr wurde die Mauer in Berlin gebaut?,1953,1956,1959,1961,D,1961,
189,general,189,Wann baute die DDR die Mauer in Berlin?,1919,1933,1961,1990,C,1961,
190,general,190,Was bedeutet die Abkürzung DDR?,Dritter Deutscher Rundfunk,Die Deutsche Republik,Dritte Deutsche Republik,Deutsche Demokratische Republik,D,Deutsche Demokratische Republik,
191,general,191,Wann wurde die Mauer in Berlin für alle geöffnet?,1987,1989,1992,1995,B,1989,
192,general,192,Welches heutige deutsche Bundesland gehörte früher zum Gebiet der DDR?,Brandenburg,Bayern,Saarland,Hessen,A,Brandenburg,
193,general,193,Von 1961 bis 1989 war Berlin …,ohne Bürgermeister.,ein eigener Staat.,durch eine Mauer geteilt.,nur mit dem Flugzeug erreichbar.,C,durch eine Mauer geteilt.,
194,general,194,Am 3. Oktober feiert man in Deutschland den Tag der Deutschen …,Einheit.,Nation.,Bundesländer.,Städte.,A,Einheit.,
195,general,195,Welches heutige deutsche Bundesland gehörte früher zum Gebiet der DDR?,Hessen,Sachsen-Anhalt,Nordrhein-Westfalen,Saarland,B,Sachsen-Anhalt,
196,general,196,"Warum nennt man die Zeit im Herbst 1989 in der DDR ""Die Wende""? In dieser Zeit veränderte sich die DDR politisch …",von einer Diktatur zur Demokratie.,von einer liberalen Marktwirtschaft zum Sozialismus.,von einer Monarchie zur Sozialdemokratie.,von einem religiösen Staat zu einem kommunistischen Staat.,A,von einer Diktatur zur Demokratie.,
197,general,197,Welches heutige deutsche Bundesland gehörte früher zum Gebiet der DDR?,Thüringen,Hessen,Bayern,Bremen,A,Thüringen,
198,general,198,Welches heutige deutsche Bundesland gehörte früher zum Gebiet der DDR?,Bayern,Niedersachsen,Sachsen,Baden-Württemberg,C,Sachsen,
199,general,199,"Mit der Abkürzung ""Stasi"" meinte man in der DDR …",das Parlament.,das Ministerium für Staatssicherheit.,eine regierende Partei.,das Ministerium für Volksbildung.,B,das Ministerium für Staatssicherheit.,
200,general,200,Welches heutige deutsche Bundesland gehörte früher zum Gebiet der DDR?,Hessen,Schleswig-Holstein,Mecklenburg-Vorpommern,Saarland,C,Mecklenburg-Vorpommern,
201,general,201,"Welche der folgenden Auflistungen enthält nur Bundesländer, die zum Gebiet der früheren DDR gehörten?","Niedersachsen, Nordrhein-Westfalen, Hessen, Schleswig-Holstein, Brandenburg","Mecklenburg-Vorpommern, Brandenburg, Sachsen, Sachsen-Anhalt, Thüringen","Bayern, Baden-Württemberg, Rheinland-Pfalz, Thüringen, Sachsen","Sachsen, Thüringen, Hessen, Niedersachen, Brandenburg",B,"Mecklenburg-Vorpommern, Brandenburg, Sachsen, Sachsen-Anhalt, Thüringen",
202,general,202,"Zu wem gehörte die DDR im ""Kalten Krieg""?",zu den Westmächten,zum Warschauer Pakt,zur NATO,zu den blockfreien Staaten,B,zum Warschauer Pakt,
203,general,203,Wie hieß das Wirtschaftssystem der DDR?,Marktwirtschaft,Planwirtschaft,Angebot und Nachfrage,Kapitalismus,B,Planwirtschaft,
204,general,204,Wie wurden die Bundesrepublik Deutschland und die DDR zu einem Staat?,Die Bundesrepublik hat die DDR besetzt.,Die heutigen fünf östlichen Bundesländer sind der Bundesrepublik Deutschland beigetreten.,Die westlichen Bundesländer sind der DDR beigetreten.,Die DDR hat die Bundesrepublik Deutschland besetzt.,B,Die heutigen fünf östlichen Bundesländer sind der Bundesrepublik Deutschland beigetreten.,
205,general,205,Mit dem Beitritt der DDR zur Bundesrepublik Deutschland gehören die neuen Bundesländer nun auch …,zur Europäischen Union.,zum Warschauer Pakt.,zur OPEC.,zur Europäischen Verteidigungsgemeinschaft.,A,zur Europäischen Union.,
206,general,206,Woran erinnern die sogenannten „Stolpersteine“ in Deutschland?,an berühmte deutsche Politikerinnen und Politiker,an die Opfer des Nationalsozialismus,an Verkehrstote,an bekannte jüdische Musiker,B,an die Opfer des Nationalsozialismus,
207,general,207,In welchem Militärbündnis war die DDR Mitglied?,in der NATO,im Rheinbund,im Warschauer Pakt,im Europabündnis,C,im Warschauer Pakt,
208,general,208,"Was war die ""Stasi""?","der Geheimdienst im ""Dritten Reich""",eine berühmte deutsche Gedenkstätte,der Geheimdienst der DDR,ein deutscher Sportverein während des Zweiten Weltkrieges,C,der Geheimdienst der DDR,
209,general,209,Welches war das Wappen der Deutschen Demokratischen Republik?,Bild 1,Bild 2,Bild 3,Bild 4,D,Bild 4,data/images/209.png
210,general,210,Was ereignete sich am 17. Juni 1953 in der DDR?,der feierliche Beitritt zum Warschauer Pakt,landesweite Streiks und ein Volksaufstand,der 1. SED-Parteitag,der erste Besuch Fidel Castros,B,landesweite Streiks und ein Volksaufstand,
211,general,211,"Welcher Politiker steht für die ""Ostverträge""?",Helmut Kohl,Willy Brandt,Michail Gorbatschow,Ludwig Erhard,B,Willy Brandt,
212,general,212,Wie heißt Deutschland mit vollem Namen?,Bundesstaat Deutschland,Bundesländer Deutschland,Bundesrepublik Deutschland,Bundesbezirk Deutschland,C,Bundesrepublik Deutschland,
213,general,213,Wie viele Einwohner hat Deutschland?,70 Millionen,78 Millionen,84 Millionen,90 Millionen,C,84 Millionen,
214,general,214,Welche Farben hat die deutsche Flagge?,schwarz-rot-gold,rot-weiß-schwarz,schwarz-rot-grün,schwarz-gelb-rot,A,schwarz-rot-gold,
215,general,215,"Wer wird als ""Kanzler der Deutschen Einheit"" bezeichnet?",Gerhard Schröder,Helmut Kohl,Konrad Adenauer,Helmut Schmidt,B,Helmut Kohl,
216,general,216,Welches Symbol ist im Plenarsaal des Deutschen Bundestages zu sehen? © Deutscher Bundestag/Janine Schmitz,der Bundesadler,die Fahne der Stadt Berlin,der Reichsadler,die Reichskrone,A,der Bundesadler,data/images/216.png
217,general,217,In welchem Zeitraum gab es die Deutsche Demokratische Republik (DDR)?,1919 bis 1927,1933 bis 1945,1945 bis 1961,1949 bis 1990,D,1949 bis 1990,
218,general,218,Wie viele Bundesländer kamen bei der Wiedervereinigung 1990 zur Bundesrepublik Deutschland hinzu?,4,5,6,7,B,5,
219,general,219,Die Bundesrepublik Deutschland hat die Grenzen von heute seit …,1933,1949,1971,1990,D,1990,
220,general,220,Der 27. Januar ist in Deutschland ein offizieller Gedenktag. Woran erinnert dieser Tag?,an das Ende des Zweiten Weltkrieges,an die Verabschiedung des Grundgesetzes,an die Wiedervereinigung Deutschlands,an die Opfer des Nationalsozialismus (Tag der Befreiung des Vernichtungslagers Auschwitz),D,an die Opfer des Nationalsozialismus (Tag der Befreiung des Vernichtungslagers Auschwitz),
221,general,221,Deutschland ist Mitglied des Schengener Abkommens. Was bedeutet das?,Deutsche können in viele Länder Europas ohne Passkontrolle reisen.,Alle Menschen können ohne Personenkontrolle in Deutschland einreisen.,Deutsche können ohne Passkontrolle in jedes Land reisen.,Deutsche können in jedem Land mit dem Euro bezahlen.,A,Deutsche können in viele Länder Europas ohne Passkontrolle reisen.,
222,general,222,Welches Land ist ein Nachbarland von Deutschland?,Ungarn,Portugal,Spanien,Schweiz,D,Schweiz,
223,general,223,Welches Land ist ein Nachbarland von Deutschland?,Rumänien,Bulgarien,Polen,Griechenland,C,Polen,
224,general,224,Was bedeutet die Abkürzung EU?,Europäische Unternehmen,Europäische Union,Einheitliche Union,Euro Union,B,Europäische Union,
225,general,225,In welchem anderen Land gibt es eine große deutschsprachige Bevölkerung?,Tschechien,Norwegen,Spanien,Österreich,D,Österreich,
226,general,226,Welche ist die Flagge der Europäischen Union?,Bild 1,Bild 2,Bild 3,Bild 4,B,Bild 2,data/images/226.png
227,general,227,Welches Land ist ein Nachbarland von Deutschland?,Finnland,Dänemark,Norwegen,Schweden,B,Dänemark,
228,general,228,Wie wird der Beitritt der DDR zur Bundesrepublik Deutschland im Jahr 1990 allgemein genannt?,NATO-Osterweiterung,EU-Osterweiterung,Deutsche Wiedervereinigung,Europäische Gemeinschaft,C,Deutsche Wiedervereinigung,
229,general,229,Welches Land ist ein Nachbarland von Deutschland?,Spanien,Bulgarien,Norwegen,Luxemburg,D,Luxemburg,
230,general,230,"Das Europäische Parlament wird regelmäßig gewählt, nämlich alle …",5 Jahre.,6 Jahre.,7 Jahre.,8 Jahre.,A,5 Jahre.,
231,general,231,"Was bedeutet der Begriff ""europäische Integration""?",Damit sind amerikanische Einwanderinnen und Einwanderer in Europa gemeint.,Der Begriff meint den Einwanderungsstopp nach Europa.,Damit sind europäische Auswanderinnen und Auswanderer in den USA gemeint.,Der Begriff meint den Zusammenschluss europäischer Staaten zur EU.,D,Der Begriff meint den Zusammenschluss europäischer Staaten zur EU.,
232,general,232,Wer wird bei der Europawahl gewählt?,die Europäische Kommission,"die Länder, die in die EU eintreten dürfen",die Abgeordneten des Europäischen Parlaments,die europäische Verfassung,C,die Abgeordneten des Europäischen Parlaments,
233,general,233,Welches Land ist ein Nachbarland von Deutschland?,Tschechien,Bulgarien,Griechenland,Portugal,A,Tschechien,
234,general,234,Wo ist ein Sitz des Europäischen Parlaments?,London,Paris,Berlin,Straßburg,D,Straßburg,
235,general,235,Der damalige französische Staatspräsident François Mitterrand und der damalige deutsche Bundeskanzler Helmut Kohl gedenken in Verdun gemeinsam der Toten beider Weltkriege. Welches Ziel der Europäischen Union wird bei diesem Treffen deutlich? © Bundesregierung/Richard Schulze-Vorberg,Freundschaft zwischen England und Deutschland,Reisefreiheit in alle Länder der EU,Frieden und Sicherheit in den Ländern der EU,einheitliche Feiertage in den Ländern der EU,C,Frieden und Sicherheit in den Ländern der EU,data/images/235.png
236,general,236,Wie viele Mitgliedstaaten hat die EU heute?,21,23,25,27,D,27,
237,general,237,"2007 wurde das 50-jährige Jubiläum der ""Römischen Verträge"" gefeiert. Was war der Inhalt der Verträge?",Beitritt Deutschlands zur NATO,Gründung der Europäischen Wirtschaftsgemeinschaft (EWG),Verpflichtung Deutschlands zu Reparationsleistungen,Festlegung der Oder-Neiße-Linie als Ostgrenze,B,Gründung der Europäischen Wirtschaftsgemeinschaft (EWG),
238,general,238,An welchen Orten arbeitet das Europäische Parlament?,"Paris, London und Den Haag","Straßburg, Luxemburg und Brüssel","Rom, Bern und Wien","Bonn, Zürich und Mailand",B,"Straßburg, Luxemburg und Brüssel",
239,general,239,Durch welche Verträge schloss sich die Bundesrepublik Deutschland mit anderen Staaten zur Europäischen Wirtschaftsgemeinschaft zusammen?,"durch die ""Hamburger Verträge""","durch die ""Römischen Verträge""","durch die ""Pariser Verträge""","durch die ""Londoner Verträge""",B,"durch die ""Römischen Verträge""",
240,general,240,Seit wann bezahlt man in Deutschland mit dem Euro in bar?,1995,1998,2002,2005,C,2002,
241,general,241,"Frau Seger bekommt ein Kind. Was muss sie tun, um Elterngeld zu erhalten?",Sie muss an ihre Krankenkasse schreiben.,Sie muss einen Antrag bei der Elterngeldstelle stellen.,"Sie muss nichts tun, denn sie bekommt automatisch Elterngeld.",Sie muss das Arbeitsamt um Erlaubnis bitten.,B,Sie muss einen Antrag bei der Elterngeldstelle stellen.,
242,general,242,"Wer entscheidet, ob ein Kind in Deutschland in den Kindergarten geht?",der Staat,die Bundesländer,die Eltern/die Erziehungsberechtigten,die Schulen,C,die Eltern/die Erziehungsberechtigten,
243,general,243,Maik und Sybille wollen mit Freunden an ihrem deutschen Wohnort eine Demonstration auf der Straße abhalten. Was müssen sie vorher tun?,Sie müssen die Demonstration anmelden.,Sie müssen nichts tun. Man darf in Deutschland jederzeit überall demonstrieren.,"Sie können gar nichts tun, denn Demonstrationen sind in Deutschland grundsätzlich verboten.","Maik und Sybille müssen einen neuen Verein gründen, weil nur Vereine demonstrieren dürfen.",A,Sie müssen die Demonstration anmelden.,
244,general,244,"Welchen Schulabschluss braucht man normalerweise, um an einer Universität in Deutschland ein Studium zu beginnen?",das Abitur,ein Diplom,die Prokura,eine Gesellenprüfung,A,das Abitur,
245,general,245,Wer darf in Deutschland nicht als Paar zusammenleben?,Hans (20 Jahre) und Marie (19 Jahre),Tom (20 Jahre) und Klaus (45 Jahre),Sofie (35 Jahre) und Lisa (40 Jahre),Anne (13 Jahre) und Tim (25 Jahre),D,Anne (13 Jahre) und Tim (25 Jahre),
246,general,246,Ab welchem Alter ist man in Deutschland volljährig?,16,18,19,21,B,18,
247,general,247,Eine Frau ist schwanger. Sie ist kurz vor und nach der Geburt ihres Kindes vom Gesetz besonders beschützt. Wie heißt dieser Schutz?,Elternzeit,Mutterschutz,Geburtsvorbereitung,Wochenbett,B,Mutterschutz,
248,general,248,Die Erziehung der Kinder ist in Deutschland vor allem Aufgabe …,des Staates.,der Eltern.,der Großeltern.,der Schulen.,B,der Eltern.,
249,general,249,Wer ist in Deutschland hauptsächlich verantwortlich für die Kindererziehung?,der Staat,die Eltern,die Verwandten,die Schulen,B,die Eltern,
250,general,250,"In Deutschland hat man die besten Chancen auf einen gut bezahlten Arbeitsplatz, wenn man …",katholisch ist.,gut ausgebildet ist.,eine Frau ist.,Mitglied einer Partei ist.,B,gut ausgebildet ist.,
251,general,251,"Wenn man in Deutschland ein Kind schlägt, …",geht das niemanden etwas an.,geht das nur die Familie etwas an.,kann man dafür nicht bestraft werden.,kann man dafür bestraft werden.,D,kann man dafür bestraft werden.,
252,general,252,In Deutschland …,darf man zur gleichen Zeit nur mit einer Partnerin/einem Partner verheiratet sein.,kann man mehrere Ehepartnerinnen/Ehepartner gleichzeitig haben.,"darf man nicht wieder heiraten, wenn man einmal verheiratet war.","darf eine Frau nicht wieder heiraten, wenn ihr Mann gestorben ist.",A,darf man zur gleichen Zeit nur mit einer Partnerin/einem Partner verheiratet sein.,
253,general,253,"Wo müssen Sie sich anmelden, wenn Sie in Deutschland umziehen?",beim Einwohnermeldeamt,beim Standesamt,beim Ordnungsamt,beim Gewerbeamt,A,beim Einwohnermeldeamt,
254,general,254,"In Deutschland dürfen Ehepaare sich scheiden lassen. Meistens müssen sie dazu das ""Trennungsjahr"" einhalten. Was bedeutet das?",Der Scheidungsprozess dauert ein Jahr.,"Die Ehegatten sind ein Jahr verheiratet, dann ist die Scheidung möglich.",Das Besuchsrecht für die Kinder gilt ein Jahr.,Die Ehegatten führen mindestens ein Jahr getrennt ihr eigenes Leben. Danach ist die Scheidung möglich.,D,Die Ehegatten führen mindestens ein Jahr getrennt ihr eigenes Leben. Danach ist die Scheidung möglich.,
255,general,255,Bei Erziehungsproblemen können Eltern in Deutschland Hilfe erhalten vom …,Ordnungsamt.,Schulamt.,Jugendamt.,Gesundheitsamt.,C,Jugendamt.,
256,general,256,Ein Ehepaar möchte in Deutschland ein Restaurant eröffnen. Was braucht es dazu unbedingt?,eine Erlaubnis der Polizei,eine Genehmigung einer Partei,eine Genehmigung des Einwohnermeldeamts,eine Gaststättenerlaubnis von der zuständigen Behörde,D,eine Gaststättenerlaubnis von der zuständigen Behörde,
257,general,257,Eine erwachsene Frau möchte in Deutschland das Abitur nachholen. Das kann sie an …,einer Hochschule.,einem Abendgymnasium.,einer Hauptschule.,einer Privatuniversität.,B,einem Abendgymnasium.,
258,general,258,Was darf das Jugendamt in Deutschland?,"Es entscheidet, welche Schule das Kind besucht.","Es kann ein Kind, das geschlagen wird oder hungern muss, aus der Familie nehmen.",Es bezahlt das Kindergeld an die Eltern.,"Es kontrolliert, ob das Kind einen Kindergarten besucht.",B,"Es kann ein Kind, das geschlagen wird oder hungern muss, aus der Familie nehmen.",
259,general,259,Das Berufsinformationszentrum BIZ bei der Bundesagentur für Arbeit in Deutschland hilft bei der …,Rentenberechnung.,Lehrstellensuche.,Steuererklärung.,Krankenversicherung.,B,Lehrstellensuche.,
260,general,260,In Deutschland hat ein Kind in der Schule …,Recht auf unbegrenzte Freizeit.,Wahlfreiheit für alle Fächer.,Anspruch auf Schulgeld.,Anwesenheitspflicht.,D,Anwesenheitspflicht.,
261,general,261,Ein Mann möchte mit 30 Jahren in Deutschland sein Abitur nachholen. Wo kann er das tun? An …,einer Hochschule.,einem Abendgymnasium.,einer Hauptschule.,einer Privatuniversität.,B,einem Abendgymnasium.,
262,general,262,Was bedeutet in Deutschland der Grundsatz der Gleichbehandlung?,Niemand darf z.B. wegen einer Behinderung benachteiligt werden.,"Man darf andere Personen benachteiligen, wenn ausreichende persönliche Gründe hierfür vorliegen.","Niemand darf gegen Personen klagen, wenn sie benachteiligt wurden.","Es ist für alle Gesetz, benachteiligten Gruppen jährlich Geld zu spenden.",A,Niemand darf z.B. wegen einer Behinderung benachteiligt werden.,
263,general,263,"In Deutschland sind Jugendliche ab 14 Jahren strafmündig. Das bedeutet: Jugendliche, die 14 Jahre und älter sind und gegen Strafgesetze verstoßen, …",werden bestraft.,werden wie Erwachsene behandelt.,teilen die Strafe mit ihren Eltern.,werden nicht bestraft.,A,werden bestraft.,
264,general,264,Zu welchem Fest tragen Menschen in Deutschland bunte Kostüme und Masken?,am Rosenmontag,am Maifeiertag,beim Oktoberfest,an Pfingsten,A,am Rosenmontag,
265,general,265,"Wohin muss man in Deutschland zuerst gehen, wenn man heiraten möchte?",zum Einwohnermeldeamt,zum Ordnungsamt,zur Agentur für Arbeit,zum Standesamt,D,zum Standesamt,
266,general,266,Wann beginnt die gesetzliche Nachtruhe in Deutschland?,wenn die Sonne untergeht,wenn die Nachbarn schlafen gehen,"um 0 Uhr, Mitternacht",um 22 Uhr,D,um 22 Uhr,
267,general,267,"Eine junge Frau in Deutschland, 22 Jahre alt, lebt mit ihrem Freund zusammen. Die Eltern der Frau finden das nicht gut, weil ihnen der Freund nicht gefällt. Was können die Eltern tun?",Sie müssen die Entscheidung der volljährigen Tochter respektieren.,"Sie haben das Recht, die Tochter in die elterliche Wohnung zurückzuholen.",Sie können zur Polizei gehen und die Tochter anzeigen.,Sie suchen einen anderen Mann für die Tochter.,A,Sie müssen die Entscheidung der volljährigen Tochter respektieren.,
268,general,268,"Eine junge Frau will den Führerschein machen. Sie hat Angst vor der Prüfung, weil ihre Muttersprache nicht Deutsch ist. Was ist richtig?","Sie muss mindestens zehn Jahre in Deutschland leben, bevor sie den Führerschein machen kann.","Wenn sie kein Deutsch kann, darf sie keinen Führerschein haben.","Sie muss den Führerschein in dem Land machen, in dem man ihre Sprache spricht.",Sie kann die Theorie-Prüfung vielleicht in ihrer Muttersprache machen. Es gibt mehr als zehn Sprachen zur Auswahl.,D,Sie kann die Theorie-Prüfung vielleicht in ihrer Muttersprache machen. Es gibt mehr als zehn Sprachen zur Auswahl.,
269,general,269,In Deutschland haben Kinder ab dem Alter von drei Jahren bis zur Ersteinschulung einen Anspruch auf …,monatliches Taschengeld.,einen Platz in einem Sportverein.,einen Kindergartenplatz.,einen Ferienpass.,C,einen Kindergartenplatz.,
270,general,270,Die Volkshochschule in Deutschland ist eine Einrichtung …,für den Religionsunterricht.,nur für Jugendliche.,zur Weiterbildung.,nur für Rentnerinnen und Rentner.,C,zur Weiterbildung.,
271,general,271,Was ist in Deutschland ein Brauch zu Weihnachten?,bunte Eier verstecken,einen Tannenbaum schmücken,sich mit Masken und Kostümen verkleiden,Kürbisse vor die Tür stellen,B,einen Tannenbaum schmücken,
272,general,272,Welche Lebensform ist in Deutschland nicht erlaubt?,Mann und Frau sind geschieden und leben mit neuen Partnern zusammen.,Zwei Frauen leben zusammen.,Ein alleinerziehender Vater lebt mit seinen zwei Kindern zusammen.,Ein Mann ist mit zwei Frauen zur selben Zeit verheiratet.,D,Ein Mann ist mit zwei Frauen zur selben Zeit verheiratet.,
273,general,273,Bei Erziehungsproblemen gehen Sie in Deutschland …,zur Ärztin/zum Arzt.,zum Gesundheitsamt.,zum Einwohnermeldeamt.,zum Jugendamt.,D,zum Jugendamt.,
274,general,274,"Sie haben in Deutschland absichtlich einen Brief geöffnet, der an eine andere Person adressiert ist. Was haben Sie nicht beachtet?",das Schweigerecht,das Briefgeheimnis,die Schweigepflicht,die Meinungsfreiheit,B,das Briefgeheimnis,
275,general,275,Was braucht man in Deutschland für eine Ehescheidung?,die Einwilligung der Eltern,ein Attest einer Ärztin/eines Arztes,die Einwilligung der Kinder,die Unterstützung einer Anwältin/eines Anwalts,D,die Unterstützung einer Anwältin/eines Anwalts,
276,general,276,"Was sollten Sie tun, wenn Sie von Ihrer Ansprechpartnerin/Ihrem Ansprechpartner in einer deutschen Behörde schlecht behandelt werden?",Ich kann nichts tun.,Ich muss mir diese Behandlung gefallen lassen.,Ich drohe der Person.,Ich kann mich bei der Behördenleiterin/beim Behördenleiter beschweren.,D,Ich kann mich bei der Behördenleiterin/beim Behördenleiter beschweren.,
277,general,277,"Eine Frau, die ein zweijähriges Kind hat, bewirbt sich in Deutschland um eine Stelle. Was ist ein Beispiel für Diskriminierung? Sie bekommt die Stelle nur deshalb nicht, weil sie …",kein Englisch spricht.,zu hohe Gehaltsvorstellungen hat.,keine Erfahrungen in diesem Beruf hat.,Mutter ist.,D,Mutter ist.,
278,general,278,"Ein Mann im Rollstuhl hat sich auf eine Stelle als Buchhalter beworben. Was ist ein Beispiel für Diskriminierung? Er bekommt die Stelle nur deshalb nicht, weil er …",im Rollstuhl sitzt.,keine Erfahrung hat.,zu hohe Gehaltsvorstellungen hat.,kein Englisch spricht.,A,im Rollstuhl sitzt.,
279,general,279,"In den meisten Mietshäusern in Deutschland gibt es eine ""Hausordnung"". Was steht in einer solchen ""Hausordnung""? Sie nennt …",Regeln für die Benutzung öffentlicher Verkehrsmittel.,alle Mieterinnen und Mieter im Haus.,"Regeln, an die sich alle Bewohnerinnen und Bewohner halten müssen.",die Adresse des nächsten Ordnungsamtes.,C,"Regeln, an die sich alle Bewohnerinnen und Bewohner halten müssen.",
280,general,280,"Wenn Sie sich in Deutschland gegen einen falschen Steuerbescheid wehren wollen, müssen Sie …",nichts machen.,den Bescheid wegwerfen.,Einspruch einlegen.,"warten, bis ein anderer Bescheid kommt.",C,Einspruch einlegen.,
281,general,281,Zwei Freunde wollen in ein öffentliches Schwimmbad in Deutschland. Beide haben eine dunkle Hautfarbe und werden deshalb nicht hineingelassen. Welches Recht wird in dieser Situation verletzt? Das Recht auf …,Meinungsfreiheit,Gleichbehandlung,Versammlungsfreiheit,Freizügigkeit,B,Gleichbehandlung,
282,general,282,"Welches Ehrenamt müssen deutsche Staatsbürgerinnen und Staatsbürger übernehmen, wenn sie dazu aufgefordert werden?",Vereinstrainerin/Vereinstrainer,Wahlhelferin/Wahlhelfer,Bibliotheksaufsicht,Lehrerin/Lehrer,B,Wahlhelferin/Wahlhelfer,
283,general,283,"Was tun Sie, wenn Sie eine falsche Rechnung von einer deutschen Behörde bekommen?",Ich lasse die Rechnung liegen.,Ich lege Widerspruch bei der Behörde ein.,Ich schicke die Rechnung an die Behörde zurück.,Ich gehe mit der Rechnung zum Finanzamt.,B,Ich lege Widerspruch bei der Behörde ein.,
284,general,284,"Was man für die Arbeit können muss, ändert sich in Zukunft sehr schnell. Was kann man tun?","Es ist egal, was man lernt.",Erwachsene müssen auch nach der Ausbildung immer weiter lernen.,"Kinder lernen in der Schule alles, was im Beruf wichtig ist. Nach der Schule muss man nicht weiter lernen.","Alle müssen früher aufhören zu arbeiten, weil sich alles ändert.",B,Erwachsene müssen auch nach der Ausbildung immer weiter lernen.,
285,general,285,Frau Frost arbeitet als fest angestellte Mitarbeiterin in einem Büro. Was muss sie nicht von ihrem Gehalt bezahlen?,Lohnsteuer,Beiträge zur Arbeitslosenversicherung,Beiträge zur Renten- und Krankenversicherung,Umsatzsteuer,D,Umsatzsteuer,
286,general,286,Welche Organisation in einer Firma hilft den Arbeitnehmerinnen und Arbeitnehmern bei Problemen mit der Arbeitgeberin/dem Arbeitgeber?,der Betriebsrat,die Betriebsprüferin/der Betriebsprüfer,die Betriebsgruppe,das Betriebsmanagement,A,der Betriebsrat,
287,general,287,Sie möchten bei einer Firma in Deutschland ihr Arbeitsverhältnis beenden. Was müssen Sie beachten?,die Gehaltszahlungen,die Arbeitszeit,die Kündigungsfrist,die Versicherungspflicht,C,die Kündigungsfrist,
288,general,288,Woraus begründet sich Deutschlands besondere Verantwortung für Israel?,aus der Mitgliedschaft in der Europäischen Union (EU),aus den nationalsozialistischen Verbrechen gegen Juden,aus dem Grundgesetz der Bundesrepublik Deutschland,aus der christlichen Tradition,B,aus den nationalsozialistischen Verbrechen gegen Juden,
289,general,289,"Ein Mann mit dunkler Hautfarbe bewirbt sich um eine Stelle als Kellner in einem Restaurant in Deutschland. Was ist ein Beispiel für Diskriminierung? Er bekommt die Stelle nur deshalb nicht, weil …",seine Deutschkenntnisse zu gering sind.,er zu hohe Gehaltsvorstellungen hat.,er eine dunkle Haut hat.,er keine Erfahrungen im Beruf hat.,C,er eine dunkle Haut hat.,
290,general,290,"Sie haben in Deutschland einen Fernseher gekauft. Zu Hause packen Sie den Fernseher aus, doch er funktioniert nicht. Der Fernseher ist kaputt. Was können Sie machen?",eine Anzeige schreiben,den Fernseher reklamieren,das Gerät ungefragt austauschen,die Garantie verlängern,B,den Fernseher reklamieren,
291,general,291,"Warum muss man in Deutschland bei der Steuererklärung aufschreiben, ob man zu einer Kirche gehört oder nicht? Weil …","es eine Kirchensteuer gibt, die an die Einkommen- und Lohnsteuer geknüpft ist.",das für die Statistik in Deutschland wichtig ist.,"man mehr Steuern zahlen muss, wenn man nicht zu einer Kirche gehört.",die Kirche für die Steuererklärung verantwortlich ist.,A,"es eine Kirchensteuer gibt, die an die Einkommen- und Lohnsteuer geknüpft ist.",
292,general,292,Die Menschen in Deutschland leben nach dem Grundsatz der religiösen Toleranz. Was bedeutet das?,Es dürfen keine Moscheen gebaut werden.,Alle Menschen glauben an Gott.,"Jeder kann glauben, was er möchte.","Der Staat entscheidet, an welchen Gott die Menschen glauben.",C,"Jeder kann glauben, was er möchte.",
293,general,293,Was ist in Deutschland ein Brauch zu Ostern?,Kürbisse vor die Tür stellen,einen Tannenbaum schmücken,Eier bemalen,Raketen in die Luft schießen,C,Eier bemalen,
294,general,294,Pfingsten ist ein …,christlicher Feiertag.,deutscher Gedenktag.,internationaler Trauertag.,bayerischer Brauch.,A,christlicher Feiertag.,
295,general,295,Welche Religion hat die europäische und deutsche Kultur geprägt?,der Hinduismus,das Christentum,der Buddhismus,der Islam,B,das Christentum,
296,general,296,In Deutschland nennt man die letzten vier Wochen vor Weihnachten …,den Buß- und Bettag.,das Erntedankfest.,die Adventszeit.,Allerheiligen.,C,die Adventszeit.,
297,general,297,Aus welchem Land sind die meisten Migrantinnen und Migranten nach Deutschland gekommen?,Italien,Polen,Marokko,Türkei,D,Türkei,
298,general,298,In der DDR lebten vor allem Migrantinnen und Migranten aus …,"Vietnam, Polen, Mosambik.","Frankreich, Rumänien, Somalia.","Chile, Ungarn, Simbabwe.","Nordkorea, Mexiko, Ägypten.",A,"Vietnam, Polen, Mosambik.",
299,general,299,"Ausländische Arbeitnehmerinnen und Arbeitnehmer, die in den 50er und 60er Jahren von der Bundesrepublik Deutschland angeworben wurden, nannte man …",Schwarzarbeiterinnen/Schwarzarbeiter.,Gastarbeiterinnen/Gastarbeiter.,Zeitarbeiterinnen/Zeitarbeiter.,Schichtarbeiterinnen/Schichtarbeiter.,B,Gastarbeiterinnen/Gastarbeiter.,
300,general,300,Aus welchem Land kamen die ersten Gastarbeiterinnen und Gastarbeiter in die Bundesrepublik Deutschland?,Italien,Spanien,Portugal,Türkei,A,Italien,
301,Bayern,1,Welches Wappen gehört zum Freistaat Bayern?,Bild 1,Bild 2,Bild 3,Bild 4,B,Bild 2,data/images/301.png
302,Bayern,2,Welches ist ein Landkreis in Bayern?,Prignitz,Rhein-Sieg-Kreis,Nordfriesland,Altötting,D,Altötting,
303,Bayern,3,Für wie viele Jahre wird der Landtag in Bayern gewählt?,3,4,5,6,C,5,
304,Bayern,4,Ab welchem Alter darf man in Bayern bei Kommunalwahlen wählen?,14,16,18,20,C,18,
305,Bayern,5,Welche Farben hat die Landesflagge von Bayern?,blau-weiß-rot,weiß-blau,grün-weiß-rot,schwarz-gelb,B,weiß-blau,
306,Bayern,6,Wo können Sie sich in Bayern über politische Themen informieren?,beim Ordnungsamt der Gemeinde,bei der Landeszentrale für politische Bildung,bei der Verbraucherzentrale,bei den Kirchen,B,bei der Landeszentrale für politische Bildung,
307,Bayern,7,Die Landeshauptstadt von Bayern heißt …,Ingolstadt.,Regensburg.,Nürnberg.,München.,D,München.,
308,Bayern,8,Welches Bundesland ist Bayern?,1,2,3,4,D,4,data/images/308.png
309,Bayern,9,Wie nennt man die Regierungschefin/den Regierungschef in Bayern?,Erste Ministerin/Erster Minister,Premierministerin/Premierminister,Bürgermeisterin/Bürgermeister,Ministerpräsidentin/Ministerpräsident,D,Ministerpräsidentin/Ministerpräsident,
310,Bayern,10,Welche Ministerin/welchen Minister hat Bayern nicht?,Justizministerin/Justizminister,Außenministerin/Außenminister,Finanzministerin/Finanzminister,Innenministerin/Innenminister,B,Außenministerin/Außenminister,
